run,step,soft_iou,iou,R_mean,G_mean,B_mean,R_std,G_std,B_std
r0,0,12.97057939275921,13.34410467074895,114.73036,118.442894,110.00285,53.102615,45.657578,44.36878
r0,1,13.455538329519733,13.273833006286473,113.73037,119.44287,111.00274,53.6363,46.11644,43.927303
r0,2,14.515479138543306,13.77336531600905,112.779076,120.31029,111.97198,54.102055,46.57276,43.49898
r0,3,16.637115404665384,16.48070717517394,111.90091,121.13506,112.81902,54.552914,47.035862,43.11032
r0,4,20.019582914868085,22.381787676904917,111.04415,121.95812,113.68754,55.000214,47.42348,42.733337
r0,5,22.97811729900779,28.186292234533468,110.155846,122.83001,114.600044,55.475536,47.655537,42.34395
r0,6,24.845015157693492,30.74681103674692,109.24318,123.734505,115.13416,55.968487,47.86773,41.956295
r0,7,26.053316066182607,32.21203722190251,108.34316,124.63138,115.46813,56.453686,48.166584,41.573105
r0,8,26.710917093363655,33.33814345781604,107.49061,125.49106,115.43975,56.91328,48.509743,41.21385
r0,9,27.029812022003497,34.530494598158164,106.71225,126.28466,115.26112,57.334362,48.897747,40.87541
r0,10,27.059594409931094,35.425148545372,106.02405,126.996025,115.003624,57.705097,49.320118,40.56297
r0,11,26.8625404770671,35.70906174819567,105.44583,127.60323,114.75144,58.013298,49.77049,40.28251
r0,12,26.55881794034504,35.667563527653215,104.9911,128.09654,114.45676,58.25544,50.23754,40.057
r0,13,26.272607759135884,35.25347702389656,104.67593,128.46835,114.05277,58.42539,50.715153,39.89461
r0,14,26.079554108640995,34.68366119891841,104.4925,128.72714,113.53203,58.534977,51.178116,39.801918
r0,15,26.00717077630633,34.15228998655168,104.42528,128.87984,112.96479,58.58881,51.621204,39.77312
r0,16,26.04735831518309,33.799937366598634,104.45773,128.94026,112.35712,58.600716,52.043182,39.790627
r0,17,26.173047478134777,33.78614213152657,104.570335,128.9146,111.855774,58.57688,52.4722,39.83666
r0,18,26.3926341992267,34.08262358435836,104.751625,128.8024,111.65254,58.525703,52.920914,39.898685
r0,19,26.71137961888139,34.50232532603748,104.99393,128.61528,111.674576,58.44578,53.395424,39.97006
r0,20,27.03954923754826,35.179867024378865,105.2878,128.36523,111.85429,58.343983,53.88761,40.051468
r0,21,27.296856072094045,35.94855679978702,105.62625,128.07645,112.00694,58.223835,54.366833,40.152718
r0,22,27.512205134553714,36.708388969100895,106.00044,127.77804,111.89948,58.086098,54.80296,40.282135
r0,23,27.760982615526057,37.09063278416819,106.3935,127.49838,111.50492,57.94139,55.118202,40.450912
r0,24,28.037076604124213,37.17209291199196,106.79324,127.247894,110.91467,57.803223,55.294865,40.65302
r0,25,28.204018291743,37.02375526811598,107.19223,127.00499,110.25395,57.679676,55.3821,40.874054
r0,26,28.22340145934763,36.950953901769296,107.57514,126.7605,109.66023,57.58042,55.405426,41.102444
r0,27,28.14174518921312,37.10746472135034,107.92744,126.50445,109.31606,57.518925,55.421177,41.31007
r0,28,28.08881466698445,37.42353953550232,108.23705,126.24025,109.24639,57.505463,55.452152,41.4784
r0,29,28.03687383595406,37.594432744337446,108.48904,125.98805,109.37279,57.55097,55.47945,41.60419
r0,30,28.004933636466127,37.52580463812053,108.666115,125.77964,109.60205,57.660072,55.464825,41.695686
r0,31,28.020198607318292,37.49289527608473,108.76567,125.63769,109.846375,57.82528,55.388496,41.762474
r0,32,28.122309005172674,37.50523345772277,108.78138,125.57621,110.07663,58.043407,55.24097,41.80978
r0,33,28.28432375918458,37.56467457996965,108.71985,125.59302,110.28181,58.30468,55.032455,41.842308
r0,34,28.432748150058185,37.65080828382178,108.60645,125.6605,110.49976,58.59423,54.80003,41.856194
r0,35,28.541432177366815,37.69255889374353,108.46336,125.75376,110.753624,58.89828,54.584133,41.84593
r0,36,28.59906138900467,37.69512566615596,108.305405,125.857666,111.049065,59.203426,54.40319,41.81864
r0,37,28.591261888626253,37.636720922472286,108.150795,125.962105,111.342094,59.49111,54.28084,41.782024
r0,38,28.561500472303226,37.61217231286992,108.01004,126.06461,111.588455,59.750698,54.208675,41.749092
r0,39,28.52087746514247,37.591461836416386,107.88953,126.168365,111.752,59.979805,54.163162,41.73003
r0,40,28.490216165949196,37.559363728761724,107.80167,126.2674,111.80586,60.173546,54.137844,41.72941
r1,0,8.00805108122675,4.577240738619733,122.58719,104.80933,84.755745,40.265793,52.80915,53.525505
r1,1,8.931761588709321,4.668973225162971,123.58717,105.80933,83.755745,40.670467,52.2837,54.063446
r1,2,10.225014075256016,4.9043304357428115,124.585724,106.795555,82.76343,41.076405,51.770588,54.60724
r1,3,11.937713227796856,5.066182664449968,125.302185,107.77349,81.772766,41.43137,51.265846,55.14204
r1,4,14.34206090793528,5.972473662398849,125.18933,108.73224,80.792786,41.801216,50.760406,55.332027
r1,5,17.05908575052269,11.451135383319052,124.67048,109.68729,79.81236,42.18631,50.285427,55.105427
r1,6,19.21842989350387,16.14428177499197,124.00859,110.660355,78.819626,42.538807,50.027348,54.759045
r1,7,20.76626498463558,19.66546154663196,123.430565,111.63783,77.824,42.68167,50.04395,54.353313
r1,8,21.889145529294087,23.386137341138724,123.08165,112.59632,76.842545,42.66292,50.20931,53.908466
r1,9,22.594848749595002,25.603159633979942,123.04683,113.49272,75.90779,42.525414,50.467964,53.44581
r1,10,23.176707993279667,27.225589634271234,123.25271,114.312744,75.028404,42.323208,50.783806,52.977127
r1,11,23.61106278804333,28.17787205576438,123.628296,115.04839,74.21182,42.079437,51.138424,52.516926
r1,12,23.99278378449154,29.15936673780779,124.120094,115.69656,73.46132,41.810547,51.527504,52.070488
r1,13,24.340888212165662,30.039500810474795,124.72924,116.260414,72.77294,41.518497,51.937893,51.65175
r1,14,24.602172054281226,30.69472201625493,125.43373,116.741684,72.14384,41.2115,52.362377,51.26504
r1,15,24.68410391481823,31.060083699638962,126.18308,117.1545,71.57487,40.91444,52.788635,50.92854
r1,16,24.620556012413825,31.23939977577831,126.92412,117.51,71.07719,40.660164,53.198402,50.658695
r1,17,24.519544191960854,31.21417661252488,127.6469,117.81455,70.645584,40.46555,53.57644,50.471416
r1,18,24.345924725107686,31.07021320089946,128.35107,118.06846,70.28257,40.33284,53.91907,50.362465
r1,19,24.127976058785393,30.829848054638937,128.93315,118.27857,70.0041,40.300243,54.21924,50.329006
r1,20,24.003509792521797,30.664689391784826,129.32019,118.44983,69.820854,40.36495,54.470448,50.379124
r1,21,24.02403381041868,30.642608985341706,129.51079,118.58652,69.7266,40.508366,54.673336,50.50657
r1,22,24.167023387331668,30.76275610769575,129.53784,118.690506,69.71409,40.712505,54.8304,50.701347
r1,23,24.38756434663999,30.93176919543479,129.43884,118.76651,69.77064,40.96488,54.94011,50.94988
r1,24,24.603366338686573,31.13521069283431,129.28383,118.81547,69.87654,41.24893,55.0042,51.242596
r1,25,24.795276073181114,31.29472179266478,129.1439,118.83079,70.01702,41.552467,55.036106,51.568714
r1,26,24.9732478774795,31.579389193714253,129.0608,118.81104,70.18,41.861725,55.047466,51.9255
r1,27,25.11606430567087,31.770339614457665,129.04477,118.76899,70.34964,42.17475,55.035503,52.30401
r1,28,25.242249430016724,31.983231426378545,129.13855,118.7009,70.51656,42.476147,55.014244,52.696728
r1,29,25.3679841845247,32.26373580221565,129.31917,118.60974,70.680244,42.764454,54.993526,53.097042
r1,30,25.482448974585388,32.569155182184105,129.5871,118.49698,70.83584,43.037964,54.984066,53.496902
r1,31,25.592294518750037,32.953121376586694,129.92957,118.366745,70.979515,43.298737,54.98519,53.893272
r1,32,25.705186912909344,33.374714598464706,130.35976,118.219765,71.10398,43.538395,55.007378,54.278553
r1,33,25.843629179037386,33.87297149484682,130.86906,118.058014,71.20689,43.753994,55.05584,54.653187
r1,34,26.011235051554003,34.42744895835305,131.4486,117.87942,71.29369,43.947685,55.123665,55.023144
r1,35,26.217673681092453,35.07412207000655,132.09705,117.67905,71.36756,44.122482,55.21209,55.39301
r1,36,26.43679376282673,35.803055913909326,132.8007,117.45597,71.43473,44.282413,55.318863,55.767143
r1,37,26.670463826372874,36.61788058342564,133.54926,117.20848,71.497215,44.428566,55.449036,56.14456
r1,38,26.868764398200977,37.28847872388852,134.32117,116.94474,71.55689,44.567856,55.589134,56.52984
r1,39,27.012027162259923,37.610889997122854,135.08945,116.67524,71.61483,44.715275,55.73251,56.916077
r1,40,27.076466837036882,37.54161264113546,135.8174,116.427055,71.65703,44.883995,55.85723,57.30432
r2,0,11.476093239320239,7.596214378370279,120.84754,132.03401,112.40229,64.65435,52.868137,33.337334
r2,1,16.063205153603647,13.368431211206941,119.84754,133.03401,111.40229,65.30415,52.34209,33.672375
r2,2,20.721143232185256,23.438771800768908,118.87539,134.03514,110.40845,64.891754,51.868202,34.010437
r2,3,23.65282452048355,29.285841622989985,117.96843,135.02803,109.41026,64.3715,51.49169,34.35279
r2,4,24.433939766182576,29.21837583932757,117.359215,135.91736,108.46893,63.811344,51.297745,34.6832
r2,5,24.280638856006647,27.71623052624022,117.0349,136.63377,107.66627,63.253777,51.238197,34.98013
r2,6,23.854854634893936,26.41154274187939,116.8686,137.1778,107.04639,62.7393,51.272327,35.21862
r2,7,23.478628720157822,25.696431749848387,116.782425,137.58939,106.586105,62.28093,51.366444,35.400112
r2,8,23.18710539276488,25.142292316110108,116.731606,137.89272,106.26388,61.890232,51.499874,35.52788
r2,9,22.993699971302647,24.759653205037967,116.690475,138.11,106.05175,61.568573,51.65786,35.61069
r2,10,22.88419126266893,24.491175520210906,116.642746,138.25598,105.93407,61.313713,51.833637,35.653637
r2,11,22.863593803060784,24.356098732379255,116.58046,138.34012,105.899345,61.12085,52.02658,35.659782
r2,12,22.93669816408663,24.37227809599133,116.499466,138.37056,105.93676,60.984398,52.23584,35.632618
r2,13,23.120078816789455,24.571859449294937,116.405426,138.34549,106.04616,60.896297,52.469475,35.572582
r2,14,23.41499104670985,24.864920932776357,116.29955,138.26956,106.219696,60.85064,52.72815,35.483166
r2,15,23.833700742161128,25.428560100216142,116.183464,138.1423,106.454475,60.839493,53.01706,35.3664
r2,16,24.333049268732648,26.270758549522768,116.06579,137.96342,106.74629,60.854084,53.336742,35.226498
r2,17,24.809133237752704,26.951286533968705,115.95881,137.74152,107.08093,60.887638,53.679916,35.069878
r2,18,25.262822641542748,27.563878962043386,115.86154,137.4877,107.445625,60.936295,54.038036,34.9027
r2,19,25.597100482474715,28.12036028902306,115.76595,137.21223,107.82954,60.994286,54.40328,34.731865
r2,20,25.72099373982597,28.663929723182186,115.66402,136.93405,108.21217,61.057114,54.75602,34.567844
r2,21,25.584297996153566,29.21015283909983,115.530945,136.67853,108.56796,61.121346,55.07183,34.42371
r2,22,25.26213890006294,29.551733010348485,115.33935,136.47774,108.85834,61.184505,55.319572,34.314735
r2,23,24.974194362540754,29.649523910967734,115.06526,136.37282,109.033394,61.245537,55.457573,34.25787
r2,24,24.979384117333915,29.70123112263783,114.70615,136.38051,109.0732,61.301292,55.47596,34.258717
r2,25,25.216554223049908,29.716018034548874,114.29781,136.48422,108.99332,61.342953,55.400745,34.308136
r2,26,25.477966447844917,29.579647048013907,113.89611,136.65053,108.82562,61.363052,55.267662,34.391155
r2,27,25.64662540825774,29.33685410939803,113.533066,136.84166,108.612595,61.358315,55.109314,34.49292
r2,28,25.69805077798118,29.083882078066903,113.22723,137.0289,108.389046,61.33392,54.94742,34.6014
r2,29,25.663587820253476,28.84382466509014,112.995995,137.18848,108.18338,61.29819,54.79901,34.705013
r2,30,25.580466051605242,28.638731288167392,112.82887,137.3083,108.014595,61.25661,54.6754,34.797
r2,31,25.49254416199525,28.463532464263412,112.72717,137.38011,107.895035,61.208435,54.588207,34.871365
r2,32,25.436598758316354,28.34451567174794,112.68039,137.4035,107.82776,61.156387,54.54062,34.925354
r2,33,25.42175213919982,28.293478195479675,112.679924,137.38098,107.81147,61.102314,54.530537,34.959305
r2,34,25.44972662721685,28.31336103819829,112.71963,137.31425,107.84393,61.047012,54.55664,34.974087
r2,35,25.517370194580835,28.397101403834164,112.79351,137.20671,107.92188,60.990654,54.616375,34.97157
r2,36,25.603114462653785,28.520461369833843,112.89503,137.06227,108.041306,60.936638,54.70296,34.954647
r2,37,25.68934808384024,28.668160318645757,113.01753,136.89117,108.19019,60.8843,54.80719,34.92816
r2,38,25.766943532412768,28.856023721492114,113.163086,136.70093,108.357834,60.833694,54.920914,34.895992
r2,39,25.802189333344938,29.07066156004255,113.32165,136.50342,108.532005,60.779938,55.036472,34.863438
r2,40,25.79137544362544,29.30564340344523,113.48571,136.31032,108.697014,60.721104,55.14478,34.83629
