split,class,base,apply(c5),fusion
all,0,80.61251831858026,80.60905696433286,80.61251831858026
all,1,0.0,0.0,0.0
all,2,0.0,0.0,0.0
all,3,0.0,0.0,0.0
all,4,98.84139647734186,98.84000074583035,98.84139647734186
all,5 *,8.005471146501145,8.004412101123181,8.007131670343417
all,6,25.458898332323628,25.45863740876114,25.459050691351965
all,7,0.0,0.0,0.0
all,8,0.0,0.0,0.0
all,9,0.0,0.0,0.0
all,10,0.0,0.0,0.0
all,11,0.0,0.0,0.0
all,12,0.0,0.0,0.0
all,17,82.13247399208379,82.12406739290343,82.13247399208379
tiles(c5),0,81.16683986219611,81.16582300614651,81.16683986219611
tiles(c5),1,0.0,0.0,0.0
tiles(c5),2,0.0,0.0,0.0
tiles(c5),3,0.0,0.0,0.0
tiles(c5),4,0.0,0.0,0.0
tiles(c5),5 *,8.005471146501145,8.004412101123181,8.007131670343417
tiles(c5),6,22.587787090895688,22.587523041279827,22.58790502604343
tiles(c5),7,0.0,0.0,0.0
tiles(c5),9,0.0,0.0,0.0
tiles(c5),10,0.0,0.0,0.0
tiles(c5),11,0.0,0.0,0.0
tiles(c5),12,0.0,0.0,0.0
tiles(c5),17,6.157886098801904,6.154603643525356,6.157886098801904
