R,G,B,Rs,Gs,Bs,loss,bld,water,conif,decid,green
122.6400,125.7200,113.6300,67.5600,62.3800,64.3800,0.1286,80.6091,98.8400,8.0044,25.4586,82.1241
129.9984,125.7200,113.6300,67.5600,62.3800,64.3800,0.1244,82.1272,98.3477,3.7364,24.6398,84.5559
122.6400,133.2632,113.6300,67.5600,62.3800,64.3800,0.3350,79.4731,97.1362,48.6963,36.1819,78.9087
122.6400,125.7200,120.4478,67.5600,62.3800,64.3800,0.1526,79.5960,86.2678,20.4079,28.5868,78.7859
127.5456,118.1768,118.1752,67.5600,62.3800,64.3800,0.1483,81.0343,75.6121,1.7630,24.2306,82.0072
130.8160,120.6912,109.8423,67.5600,62.3800,64.3800,0.1238,82.7033,91.9765,2.7482,24.4244,86.0286
134.9040,118.1768,104.5396,67.5600,62.3800,64.3800,0.1394,83.9811,94.8944,1.5610,24.1672,87.8215
128.0907,129.9107,106.5597,67.5600,62.3800,64.3800,0.0903,82.9506,97.8956,15.8236,26.8633,87.4109
128.3632,135.7776,100.7519,67.5600,62.3800,64.3800,0.3973,81.5950,93.2668,54.6643,36.5803,82.3251
136.6300,125.1612,106.3913,67.5600,62.3800,64.3800,0.1329,84.0736,99.2626,2.9407,24.3891,87.9268
126.1375,125.5803,111.8203,67.5600,62.3800,64.3800,0.1258,81.7665,99.1205,5.0038,24.8675,84.6032
133.1325,125.3009,108.2010,67.5600,62.3800,64.3800,0.1275,83.3958,99.2452,3.3421,24.5031,87.0689
127.8863,125.5105,110.9155,67.5600,62.3800,64.3800,0.1252,82.1842,99.1873,4.4893,24.7632,85.3687
131.3838,125.3708,109.1058,67.5600,62.3800,64.3800,0.1254,83.0201,99.2368,3.5470,24.5641,86.5231
128.7606,125.4755,110.4631,67.5600,62.3800,64.3800,0.1241,82.4050,99.2033,4.2245,24.7108,85.6666
128.4465,124.9983,104.2801,67.5600,62.3800,64.3800,0.1028,83.4322,99.1301,6.7929,25.1002,88.0771
129.4748,124.9245,103.3250,67.5600,62.3800,64.3800,0.1030,83.6963,99.1115,6.8811,25.0890,88.3830
126.5253,132.5311,99.6008,67.5600,62.3800,64.3800,0.3464,82.8442,93.6443,51.3398,36.4719,85.9087
129.7433,123.6512,107.2820,67.5600,62.3800,64.3800,0.1251,83.0487,99.2526,3.5578,24.5562,86.8604
128.2686,127.4545,105.4199,67.5600,62.3800,64.3800,0.0693,83.3080,98.6756,12.0627,26.1327,88.1513
128.7827,127.4176,104.9423,67.5600,62.3800,64.3800,0.0689,83.4316,98.6516,11.8133,26.0686,88.2925
129.4533,125.3009,108.2010,67.5600,62.3800,64.3800,0.1213,82.9184,99.2400,4.1108,24.6583,86.7634
127.3080,131.2209,103.0803,67.5600,62.3800,64.3800,0.1849,83.0691,95.5645,31.7316,30.9387,87.2822
128.9170,126.7809,106.9208,67.5600,62.3800,64.3800,0.1019,83.1347,99.0987,7.3474,25.2456,87.4892
127.8443,129.7409,104.3604,67.5600,62.3800,64.3800,0.1000,83.1750,97.2618,17.4654,27.1419,87.8708
128.1125,129.0009,105.0005,67.5600,62.3800,64.3800,0.0857,83.2417,97.8701,15.3526,26.7232,88.0296
128.6852,126.0047,103.6821,67.5600,62.3800,64.3800,0.0789,83.6031,98.8539,10.1991,25.7332,88.4720
129.0452,124.9169,104.3624,67.5600,62.3800,64.3800,0.1120,83.4904,99.1845,5.5015,24.8504,88.0501
128.3457,127.9799,104.8410,67.5600,62.3800,64.3800,0.0758,83.3678,98.2973,13.3860,26.3403,88.3053
128.2461,129.2300,106.4533,67.5600,62.3800,64.3800,0.0828,83.0669,98.1921,14.5447,26.6029,87.6729
