R_mean,G_mean,B_mean,R_std,G_std,B_std,iou
97.28,108.99,109.48,62.47,56.64,54.35,75.93326444910883
97.2227429036229,113.44753971582755,100.81848577653108,57.56902742264088,51.685309967623745,49.290854051615504,81.52183098941633
89.76576532904467,102.1416106620654,111.28448375613988,65.08177671161388,52.09441692525447,53.385626551443025,53.15749170669053
91.36835929620649,112.7578660224023,103.7674419594958,59.77274764899152,52.40982184033274,50.65812042527694,65.13947024801506
91.90332457729073,115.04869844144244,119.50360462947165,57.05668258147602,57.78950013953874,55.63603993878328,76.43078768432517
92.64698970301949,111.56331415251584,112.58649367638604,68.71481025337663,56.48958471964849,57.59056197793406,60.42513760260066
101.20092741198667,115.65673370182678,111.56852373938318,63.779256775476945,61.280874769591236,54.9993411598786,76.92354843122874
96.91029821170997,107.06735108906278,104.11292722881258,66.91730662981337,53.799077283432624,49.25712596982789,66.269651282957
103.92624362454384,109.16625078958106,105.16656222554387,58.962113558195966,58.726429039429284,49.8676097746244,43.7809967715501
87.97933539960435,116.81469949814877,119.93292066638452,65.3946001544156,62.03679339592846,58.8216084153452,63.57234371488495
100.8075411966154,103.26951916597032,102.4091749335852,66.38791341292948,56.26082924657618,54.43584118353861,60.46311117352673
99.495220294467,104.73010265967409,109.86862100874212,64.4371943004852,52.806269641386116,51.935573604770084,54.34621385594644
98.23765379156275,110.84856423736942,118.81583398469294,67.45013603827913,58.28811453746832,56.50213844869675,54.23397599796412
105.99417437183419,117.72935721362381,99.69749009700439,62.03806203991111,59.88923015031581,56.99406771581461,78.09115091857126
104.33109227362299,117.15676814299361,113.57916089719211,63.99011713350788,60.848488365135715,52.307947294571385,66.73443952284417
102.23666310506017,99.61955511622442,114.36209983864993,62.656143231880954,61.62816245193631,54.08229277816411,0.80030154519929
88.62988640183883,103.60657892736567,108.9195596826507,59.62234785358441,60.29163595887378,58.5490630347611,61.547982648248976
95.89820613524657,107.8283849510852,115.36052658314433,61.00755372492932,51.29368018171243,57.39603880160354,76.37275765806041
95.0657162923395,99.3909850357355,105.66733209559148,63.470542710390454,53.13431771603466,55.66789069310073,52.89029650725525
93.81556874241298,108.20831254988482,107.9698523702243,67.27485401781895,59.407986278558575,58.22189549379217,76.2171683020451
89.4690226760444,98.29378657884914,98.56293642345197,61.57613125651256,53.5429755145692,56.06172139294132,70.17768222695948
103.62606257297661,100.6636805533678,116.68534457214102,57.16033245944166,60.51315415087384,54.8962025742197,0.6466794585580342
102.8549563053848,110.09337431337852,116.31503384946117,56.23012056132046,54.99888378595078,50.282067241062485,25.34480970399806
90.6484459561717,105.75676508083492,102.30506581910485,58.68797501111672,57.218585428064536,51.28461104417226,75.68433468778662
105.62850346767536,101.38601390785519,114.48176723582654,63.05749376853546,57.413424248306725,59.358866090328895,1.6425586549633375
99.65531642747871,114.04553454484967,109.63942015367115,67.98840909964876,54.58167982563729,52.91515808011675,64.30078670890657
98.38615009041364,119.11965261012281,100.59298398810448,60.44352673906791,58.889531659015184,53.785920655583034,80.06681930853674
106.92836939147533,119.52122001406346,107.11305007737548,60.78129906312137,55.51857024622903,51.772380836646114,81.848408902095
92.97553801809444,112.17100934665245,117.46723045840618,65.87909403122259,55.90571648222173,59.47865805375628,63.82903296275997
94.53237795157129,104.96885489032323,106.15086650644402,58.36888126629897,54.443338391952544,50.90542514439055,62.89651087388775
94.83043477041306,113.25059350036086,108.83980026511746,66.4869283346557,63.05101143805763,55.43254855432862,77.0653747265009
85.59562346541881,108.801263327053,123.7450617166431,70.95884527915206,61.09469785273254,48.74480735750536,8.42577932827837
88.24261908970145,119.06077744251225,98.78016420570474,59.35961996889126,65.80943035935415,51.785186611056936,63.32898138301226
101.47166314838572,98.75953670780203,115.5643151533372,74.12707660443677,71.62552700281749,55.599753440558345,1.1678212424843821
107.0030127430321,126.57757669131607,104.17497764693121,63.613383784818005,54.03713711053871,63.73500130689624,73.40808686058267
85.25315651483638,105.69757259247221,110.43627346720386,57.551491222279324,53.77821076518059,57.61316346936518,72.91884525216223
79.98073739145163,103.1195980948032,118.81960025821112,49.2900283358603,56.96153483986817,50.38839624460526,22.311084388088076
76.074031130959,105.88793286905754,105.15870577106884,54.65907916371147,48.51932470706983,60.01924252791702,49.74737371125218
88.52798809091763,118.04633295708697,111.78940570635007,61.364646134352505,53.551042589260284,54.15334180021833,50.37255900873801
93.06950731737723,93.6837138633228,101.31553848245854,64.94539156588513,60.70249425997734,64.72570304591494,3.927212576409839
99.86408774929053,119.23565140037513,111.30541514009528,61.33815452446506,61.53007842541915,56.689926770253386,81.02007355933533
91.633599915385,110.94273746015386,103.10686490686693,55.91797170957796,57.79724980205534,50.21276995916919,79.30846234231971
100.66907140178589,128.91885534204496,114.59999808150195,62.40687131213034,64.98540331149218,59.42679495705309,70.29369025083876
94.29279528435808,123.27853398789932,96.60428254594947,68.32993622183301,55.00011892599112,56.585899245658155,66.52939279622989
112.78967901634297,104.4063967534653,122.5979901997542,59.40586547675686,68.11404821528855,61.114366773633805,0.37428197048851664
99.98405396549437,117.23927973628297,105.28569831950237,60.06600318257256,60.55119492613899,55.26462844051328,80.31998991230098
108.78100325485774,131.18821891421732,100.75201381877024,67.79880988834938,69.54535426047438,55.007254608066816,78.16598447622304
100.69476570478935,109.20851794770202,94.95141860467149,57.34840045261332,55.205162319915246,61.79092505329668,49.3517529138948
98.0960371404335,106.31489362986241,120.75013540323698,64.52925883749712,61.75326539976757,47.717121641698824,0.8492298313410505
91.2625229488607,117.2823600276122,107.83561899317665,55.16900562196283,56.92796928164023,58.70772918537595,76.4919020974732
121.15690740082707,138.09426324836474,102.7507813211627,60.244682537179244,67.47647333177842,50.79742628497279,80.17061227857224
127.47495636707956,145.29979425087672,104.25722989188543,64.63578528529091,60.46331334157581,45.821759492731466,78.33210843322604
109.89373662175718,153.4902590514127,114.1248679653955,57.81773066321625,73.32736920512707,52.8212571744833,58.971061522257294
117.3902565425456,135.32774571689654,99.0519478334142,65.93000817047906,63.86699920953172,57.31837029873873,78.47800375638147
137.88724076901346,118.5176188368691,92.15415202981211,53.078378210865864,70.8729899113634,47.860642943455034,28.371598848104284
169.9668471102388,168.01861024954056,79.3977978511885,51.02659976911693,70.2790476746453,43.027288753540496,0.2185778070238996
158.71897114970074,161.79317589081987,78.29919279335832,56.873559542496906,72.37864591360572,43.97628688838182,2.7429542037590333
186.24696293195558,145.31371817558787,84.00246081924558,48.030319799301495,62.9350233938287,37.19146271529413,0.004122420773292958
172.4120388020058,185.1687498163167,88.78802242204893,54.16942987022355,65.40413816741358,41.57849000828936,0.17443073014428456
145.08708636918087,168.8682432355621,71.27709224134814,46.39151625647831,77.42299640360235,48.311322649899466,2.5553593576360614
104.99341080913791,121.48714085019311,100.62370488105907,69.24524946356735,64.57793705700546,54.97672151980094,80.3471660493367
94.05413504421455,106.75231185589774,89.79991914908513,63.977951866741186,71.55089859157142,62.28954453456111,60.296619725547174
97.75928887819558,130.34019357847845,110.04629231759095,74.23436043935219,59.79320311219851,50.20617718191393,33.93929534200749
106.43217954378295,120.35027864644563,107.39843556161833,65.4118186865501,67.50268631312179,52.84503383359618,74.58471436292481
119.42515816342929,136.54257721481807,100.18377418588334,79.29075840754692,56.96431703218029,57.10085862199432,75.69412942053012
93.90358224764312,115.05580130299653,106.73604744570903,79.99674551481442,68.13033779786734,57.78996412111264,67.23463237372047
100.01974197278565,117.78266681692551,110.80320476149244,91.39595652454025,64.01497250799878,50.246418650953295,16.75392898677098
87.93339177180303,108.1464465276562,119.28974614038408,83.56284805114058,75.52856874429933,63.88657205962281,31.729170766865945
84.86940692558498,101.97839755920833,98.72685211059441,77.06975931029955,71.82152797344739,58.42914621004304,69.08505695877174
102.92446082737541,129.99038369100072,102.19121291804942,72.6532341834972,62.155127179140315,56.836190336920154,72.16434980038656
112.07806617474112,123.61619244078479,87.09776783274236,46.7968088908933,55.43684050215222,49.29340874967653,79.91337973499184
113.95081866881539,114.55460508487127,83.01249257423838,40.04557022628806,62.654399482012174,51.55292415726635,41.3955434384417
110.45714776287157,106.46273562588425,74.82940851074287,48.2609945827325,49.34252043034105,42.51210644340541,66.73850619147173
96.69525451698476,139.00897230698743,94.18377418387455,44.9478809102375,52.17935082965255,46.91219040009213,60.373889181814334
126.06660126060228,126.22908124787693,93.15239786710936,52.34890834152562,57.04117549245544,55.93163515544887,60.446952305929045
101.26314538908495,120.61061956436474,91.1700297491401,54.8361323452887,57.095943798632845,50.2833157223581,79.85497571597566
106.34557092665655,120.67030846746981,92.42026405266898,50.27047019596471,62.366993206998856,46.94681264271548,80.39234966308537
112.10051153823132,108.929803042562,88.82400687285288,53.55056092261634,58.716195564553054,42.76411272139859,56.36390010165804
89.75808636002643,117.68524936043312,79.6633185934859,56.567083139931164,55.324246146994966,50.731962933981904,76.28626401993652
99.14547317359235,135.29753069102455,100.58878340147746,61.862695128591255,49.66936620079496,54.596965269618934,67.17821138735371
98.65269481776534,117.98054850045949,89.91289797364078,56.19321510913076,58.08202353165071,50.38530300773155,80.15827515948367
95.14683476662852,108.58363070279573,76.5961195444869,58.728923141573176,54.236005052888885,45.59396331856059,78.92965154854585
104.61891620677928,121.97166054476831,84.67007692947449,62.39891432769833,61.52139983894513,54.8186700404458,78.11342956813549
85.88011441503642,130.1623886341105,95.82568975056773,55.16684790510247,66.02096270042638,47.54108245738174,53.66921859454623
108.39135738459201,113.24105226293501,99.98898152994828,48.54317201297997,50.423486056593916,51.09348080956963,54.54682657866141
95.91577327792069,115.3280659939137,88.69376763341064,58.41939712099794,58.328448432773435,51.04305753416429,79.99431009199128
82.46267625300341,128.09399885185803,96.33835095758474,63.18398873335435,54.24302296092033,51.98356731380422,65.63339582423319
108.32781569211716,117.23299176902287,77.92347105521455,61.90425788093746,59.780012761054614,47.32131388663138,74.94039875499399
95.64429371623208,110.64742369298362,92.52813345482171,54.17171722803058,65.92791980847097,44.99414448359605,75.90088932078103
100.70636789836212,101.19530614463478,88.36206410975417,50.72368944956616,50.8669147616981,58.165142572651334,28.662747833596598
96.20952775537181,117.75457624834804,92.12780826865742,57.505049859263046,57.03923465697995,51.71996402863653,80.26612831482308
109.2140216252439,100.21981558401157,98.73568447945433,64.47570454192214,50.61808263451666,57.09296615737391,39.851489862398026
87.81906849455592,110.68616657603175,99.89714394190213,55.768450359843065,62.47738387764852,44.7332141675565,71.0943919285888
95.70090295713301,127.66686986166695,89.09855406345277,50.59788158438768,60.94116860796494,49.651164974931895,61.50204941823222
102.19778637403145,122.38141759223589,83.271248353732,60.59569254988649,56.433663764417375,55.37537799111231,78.6973567866182
96.03002273521506,117.77640723694472,92.72058739213482,57.992129239240086,59.213871583888256,52.039209456800826,80.01618433896198
90.7847596780912,134.0821740280174,98.61740416600429,65.59309748901727,65.74141874454926,51.988601365518,66.97787584657453
101.91707228696346,103.8166618546233,90.25896066310226,51.100222454351744,54.925633805409156,55.0546852633512,35.86631659920928
108.68698628526438,113.9406186623032,85.68080602218829,59.11484324077986,60.312073098538974,57.214053786113666,75.55626362721848
88.67110847218117,118.86912427335402,100.62491552951235,54.51119774836806,51.14302970124432,47.28574404700315,63.61379425487783
97.51018199404949,118.73954968752521,93.04701699168243,60.31728289616148,59.73073155264698,52.67647906098026,80.1069374710826
97.59728105053456,103.56185002616024,94.718436530394,52.87906563743145,65.84502559061471,50.1230303757712,43.808337117880505
107.39639315467191,115.26739309573833,102.10868411030931,56.299011023099,55.97310624978238,56.39308930554947,62.19456001218619
91.71097346373735,131.48445500418188,83.24605964527026,61.5415965468966,61.41353587138542,47.115276473095804,69.71285218135434
84.32336655605813,127.02080973334022,86.16660241241162,69.257412710013,54.0693056512753,56.95724928112143,58.29887271807988
99.331841431182,121.7374785931829,94.46296176707551,59.660718909049585,60.81760672754864,53.00947071069541,79.80092345479714
102.09570232784574,109.75773025332074,85.67081453205061,67.82057743062398,68.31733226393526,46.35750226040559,77.95106352187584
96.13160285021998,118.56974661304308,103.33518116884083,63.54997305450687,53.425925348256285,57.82893038665739,71.78106447423139
111.06943697041116,124.7898553240935,88.66332171351065,51.0489420488035,62.816856485998684,56.52033301986252,78.7216589195615
85.87673223012793,134.74468105372597,97.33640476560791,57.2876814609431,60.78188194781073,49.09678590850406,65.13233272723807
100.4358023354277,121.93415853171933,94.4240823940246,60.430975292335944,59.09311570739928,52.787961187592444,80.10255229543503
85.4865345883835,129.65061862909621,87.6660040084977,63.4493094628949,66.31116808312879,57.74221161399984,67.90897808704902
104.16916887957329,131.08095799805662,94.45114109587036,54.84108295507495,58.683152445599795,54.08122494538674,73.3165608199622
114.4207723884177,116.96453531574818,105.9824413931622,59.567656779716465,62.49415756771102,51.80866870293532,43.38060247445381
95.11326918729206,108.80305735488967,81.61498419740522,66.32763639603915,52.35373361352095,47.04362779791883,72.96708396652181
100.95666835522758,116.9074069196371,91.17764341593049,64.65878986311378,51.86103161928269,50.75900214342793,77.51878482139784
91.59919440177083,130.10236216459154,98.59954200383042,67.16548894232292,45.68149549868617,49.54947689531209,44.33093889612662
99.89546885418018,112.81931939418254,77.66845691042118,58.15210994359564,50.73060256349122,56.57554616270318,76.99234354648893
114.90319500001105,121.96936832719857,86.92040527307799,71.68549650059495,55.318790670368095,46.54953593345777,77.88362888586606
107.33529279536535,101.50323840388509,94.70651554532945,63.266958690977035,56.88323990965893,52.15519626100975,45.332396910572186
102.65065151677611,118.93970180546224,92.16231852953275,64.50059873647278,53.30817193760571,52.55646363133352,78.28805894648343
93.13739797622803,107.91154240515925,82.14850692693874,64.63743340758204,54.66677529797383,59.8103654467072,61.511318558437246
102.39565666840804,133.2838357760362,91.533572239847,55.66621965686944,46.85603452167234,52.55733751279063,69.58448979510598
114.06441047652139,115.7695644164669,96.30483312224031,61.095740015967856,51.02500982183662,50.851160084058634,77.84567117730265
105.38163245200444,123.01189652006188,99.7172586493062,70.50928618338982,60.520734900434334,45.81944811123917,73.47119149939903
