split,class,base,best(c5),fusion
all,0,80.88839061835336,78.02980232590107,80.8860205184536
all,1,42.08105972003607,42.1765322853887,42.08206869989486
all,2,68.45275981917548,64.23178084693207,68.432260215252
all,3,68.38774191912023,64.56299874651083,68.3748437692253
all,4,86.78655023030541,87.20008202590192,86.78662272732969
all,5 *,24.60877211957621,35.67729834545868,35.09418084650998
all,6,57.46646985082362,52.63408289438188,53.88039915193301
all,7,38.69459706959707,41.79027622156185,38.67295014494464
all,8,73.02926096601021,72.647146698536,73.02926096601021
all,9,51.02822681223821,48.09469588181207,50.87805606259034
all,10,64.80961566409914,59.94714374085122,64.69033288780876
all,11,0.0,0.0,0.0
all,12,44.68442134892281,24.27826671898649,44.62487820721013
all,13,58.399285685295666,11.253260464538567,58.399285685295666
all,17,0.0,0.0,0.0
calib(c5),0,80.88958700891749,75.82412861043962,80.88448448448449
calib(c5),1,54.10584306405759,43.77647009995254,54.10963516675926
calib(c5),2,64.63073579408945,58.030338904504895,64.5688144988224
calib(c5),3,34.60991661608255,35.95791280995829,34.60991661608255
calib(c5),4,95.35668918946875,97.51025772128578,95.35668918946875
calib(c5),5 *,25.692201041222763,40.89177489177489,41.18705575640255
calib(c5),6,36.41948200724247,34.07236302734491,34.75537582480528
calib(c5),7,39.854257223216564,39.14428925487307,39.8305382695215
calib(c5),8,57.91077332060939,57.26351121801405,57.91077332060939
calib(c5),9,56.04960295278046,48.85625851142368,55.713546674215095
calib(c5),10,79.86769838172326,71.10523206793661,79.67330120304624
calib(c5),11,0.0,0.0,0.0
calib(c5),12,53.23745646846382,29.123797996099793,53.16651618728234
calib(c5),17,0.0,0.0,0.0
