R_mean,G_mean,B_mean,R_std,G_std,B_std,iou,iter
87.32,96.64,90.5,46.47,38.61,33.39,30.7803,0.0
87.2686,100.5924,83.3401,42.8243,35.2325,30.2819,41.2918,0.0
80.5751,90.5676,91.9916,48.4128,35.5114,32.7975,15.0664,0.0
82.0136,99.9809,85.7778,44.4636,35.7264,31.1219,43.3182,0.0
82.4938,102.0122,98.7859,42.4432,39.3936,34.1801,28.6933,0.0
83.1613,98.9217,93.0679,51.1154,38.5075,35.3808,32.5353,0.0
90.8395,102.5513,92.2264,47.4439,41.7736,33.7889,38.0945,0.0
86.9882,94.9352,86.0634,49.7782,36.6734,30.2612,24.5184,0.0
93.2858,96.7963,86.9344,43.8606,40.0323,30.6362,26.3907,0.0
78.9716,103.5781,99.1408,48.6455,42.2889,36.1371,19.8353,0.0
90.4864,91.5677,84.655,49.3844,38.3515,33.4427,6.4287,0.0
89.3084,92.8628,90.8212,47.9334,35.9966,31.9067,11.9755,0.0
88.1796,98.288,98.2173,50.1746,39.7335,34.7122,19.0397,0.0
95.142,104.3891,82.4134,46.1487,40.8249,35.0144,37.1181,0.0
93.6492,103.8814,93.8885,47.6008,41.4788,32.1355,35.0223,0.0
91.7692,88.3313,94.5357,46.6085,42.0103,33.2255,0.2065,0.0
79.5555,91.8666,90.0367,44.3517,41.0992,35.9697,22.8634,0.0
86.0797,95.61,95.361,45.3821,34.9656,35.2613,24.0738,0.0
85.3324,88.1287,87.3483,47.2143,36.2203,34.1996,3.4992,0.0
84.2103,95.9469,89.2517,50.0442,40.4969,35.7687,31.2202,0.0
80.3087,87.1558,81.4756,45.8051,36.4988,34.4416,7.7092,0.0
93.0163,89.2572,96.4562,42.5203,41.2502,33.7256,0.0,0.0
92.3242,97.6183,96.1501,41.8283,37.4913,30.8909,11.5204,0.0
81.3674,93.7731,84.5689,43.6566,39.0044,31.5068,38.0535,0.0
94.8137,89.8976,94.6346,46.907,39.1372,36.4672,0.0021,0.0
89.4521,101.1227,90.6318,50.575,37.2069,32.5085,35.439,0.0
88.3129,105.6218,83.1537,44.9626,40.1434,33.0435,33.5886,0.0
95.9805,105.9779,88.5434,45.2138,37.8456,31.8064,39.0668,0.0
83.4562,99.4606,97.1025,49.0059,38.1095,36.5408,32.2042,0.0
84.8537,93.0745,87.748,43.4193,37.1126,31.2738,26.4607,0.0
84.6397,103.9844,87.1557,41.1017,37.8985,32.5771,34.2706,1.0
76.3973,99.8991,99.0913,43.8662,36.7226,28.6468,7.6731,1.0
78.7598,109.3191,79.1002,36.6957,39.5566,30.4336,21.9807,1.0
90.5672,90.679,92.5404,45.8248,43.0525,32.6754,0.4818,1.0
95.5042,116.2209,83.4202,39.3253,32.4805,37.4564,32.7158,1.0
89.7655,98.219,101.9573,44.8317,43.7732,34.9873,0.8107,2.0
84.2141,95.8234,109.697,38.3962,46.3643,30.5998,0.0002,2.0
80.1006,98.3959,97.0849,42.5786,39.4927,36.4484,31.2229,2.0
93.2137,109.694,103.2065,47.8021,43.5883,32.8862,14.0505,2.0
97.9956,87.0552,93.5368,50.5915,49.4093,39.3066,0.0,2.0
255.0,0.0,255.0,1.0,255.0,255.0,0.0,3.0
233.9837,0.0,236.2172,1.0,239.53,225.8648,0.0,3.0
255.0,0.0,255.0,1.0174,255.0,255.0,0.0,3.0
240.7739,0.0,221.3198,1.114,227.9378,254.5321,0.0,3.0
255.0,0.0,255.0,1.0,255.0,255.0,0.0,3.0
90.4154,84.1575,107.1726,47.7102,65.0186,50.7009,0.002,4.0
98.3705,94.1704,102.5577,53.8524,74.6763,50.4648,0.0364,4.0
91.0581,78.3928,96.6531,45.5516,59.2781,56.6883,0.0049,4.0
88.7081,76.3156,122.9142,51.2554,66.3094,43.7767,0.0,4.0
82.5285,84.1884,109.7682,43.8206,61.1281,53.8597,0.0312,4.0
90.1012,85.8172,103.0533,46.6468,55.1355,42.2219,0.0485,5.0
94.7998,90.295,104.5642,50.0468,49.405,38.0862,0.0013,5.0
81.7251,95.3849,114.4608,44.7676,59.9163,43.904,0.038,5.0
87.3001,84.098,99.3436,51.0489,52.1862,47.642,0.6088,5.0
102.5431,73.6515,92.4255,41.098,57.9108,39.7809,0.0,5.0
88.4989,83.1037,109.7516,43.3846,60.378,50.1662,0.0012,6.0
82.6423,80.0246,108.233,48.3559,62.1818,51.2726,0.3375,6.0
96.9757,71.8737,116.1166,40.8371,54.0686,43.3621,0.0,6.0
89.7721,91.5864,122.7317,46.0568,56.1898,48.477,0.0027,6.0
75.5444,83.524,98.5263,39.4437,66.5155,56.3269,0.001,6.0
96.5545,87.4077,109.9661,45.3335,55.5762,44.6925,0.0093,7.0
86.4945,76.8062,98.1374,41.8851,61.5772,50.6373,0.0009,7.0
89.9019,93.7773,120.2636,48.5997,51.4584,40.8143,0.0005,7.0
97.8777,86.5897,117.3699,42.8238,58.0933,42.9595,0.0,7.0
109.8263,98.2398,109.4854,51.91,49.0239,46.4193,0.0002,7.0
