value,class,test_pixels,test_pct,train_pixels,train_pct
1,building,354026231,8.602,1316273797,8.136
2,pervious surface,302249641,7.344,1334431521,8.249
3,impervious surface,616536868,14.980,2220158462,13.724
4,bare soil,179386545,4.359,561875038,3.473
5,water,246262553,5.984,788698124,4.875
6,coniferous,98409764,2.391,442473747,2.735
7,deciduous,572427926,13.909,2488701372,15.384
8,brushwood,284241263,6.906,1124263153,6.950
9,vineyard,159235084,3.869,505864146,3.127
10,herbaceous vegetation,912299943,22.167,2886249939,17.841
11,agricultural land,285880073,6.946,1775908237,10.978
12,plowed land,92735863,2.253,627354462,3.878
13,swimming pool,1533746,0.037,4578663,0.028
14,snow,0,0.000,24765740,0.153
15,clear cut,473936,0.012,24501673,0.151
16,mixed,115340,0.003,8166791,0.050
17,ligneous,230600,0.006,1263224,0.008
18,greenhouse,1340904,0.033,18778881,0.116
19,other,8274520,0.201,23123558,0.143
