split,domain,n_tiles,n_zones,R_mean,G_mean,B_mean,R_std,G_std,B_std
test,D012_2019,1750,21,109.98,116.63,102.76,50.49,42.16,39.86
test,D022_2021,500,4,109.53,113.95,107.02,62.58,57.06,52.50
test,D026_2020,1825,19,119.11,122.78,110.80,49.10,43.96,44.94
test,D064_2021,1775,30,102.81,111.00,106.86,63.50,54.30,51.51
test,D068_2021,1775,20,111.26,120.16,114.55,63.18,55.14,52.05
test,D071_2020,1800,18,111.83,117.72,102.32,44.42,39.02,40.96
test,D075_2021,750,26,97.56,103.04,101.03,53.01,48.79,46.89
test,D076_2019,1750,27,109.92,115.69,112.16,51.90,43.80,37.52
test,D083_2020,2025,7,129.13,130.64,123.69,46.41,39.60,42.94
test,D085_2019,1750,21,121.41,122.13,113.49,49.43,45.29,42.75
train,D004_2021,1800,18,110.56,114.53,108.69,57.03,49.14,44.71
train,D006_2020,1775,16,149.27,151.13,146.29,54.12,47.77,49.47
train,D007_2020,1725,56,99.53,109.27,100.66,58.50,49.74,49.54
train,D008_2019,1775,18,110.88,117.28,99.39,47.17,39.10,39.14
train,D009_2019,1800,18,93.88,98.84,86.26,51.85,43.74,47.25
train,D013_2020,1725,18,123.21,122.38,119.57,53.32,53.90,51.31
train,D014_2020,1750,30,133.95,137.45,125.51,51.64,41.52,40.45
train,D016_2020,1775,16,115.79,116.09,108.88,54.65,49.12,48.17
train,D017_2018,1800,17,113.12,123.64,116.93,51.63,42.80,39.15
train,D021_2020,1000,10,114.19,117.32,105.51,48.53,38.50,37.75
train,D023_2020,600,6,93.93,102.44,88.84,40.86,37.29,28.68
train,D029_2021,1800,23,112.18,120.01,115.01,58.84,49.98,46.33
train,D030_2021,600,10,130.05,129.95,127.24,55.76,51.57,49.10
train,D031_2019,1725,18,125.20,126.76,114.09,53.31,46.98,51.02
train,D032_2019,1750,6,117.86,120.26,103.06,50.06,39.68,38.71
train,D033_2021,1775,23,125.18,125.73,120.54,54.91,50.33,47.79
train,D034_2021,800,9,102.79,103.99,100.15,41.79,39.49,38.70
train,D035_2020,472,4,117.84,122.58,109.26,44.45,37.34,39.53
train,D038_2021,565,11,114.41,123.25,121.61,61.67,52.32,50.78
train,D041_2021,525,5,98.41,98.32,88.42,44.41,41.30,38.48
train,D044_2020,1725,32,121.20,124.10,118.30,46.52,43.15,40.05
train,D046_2019,1725,28,101.35,107.47,97.95,48.01,42.03,37.29
train,D049_2020,1725,24,115.49,116.26,107.67,48.14,47.48,44.72
train,D051_2019,1725,17,113.74,115.02,101.12,45.73,38.71,41.66
train,D052_2019,1725,19,107.77,114.52,100.88,45.24,38.10,36.67
train,D055_2018,1800,19,119.05,118.71,117.41,48.63,43.17,38.75
train,D058_2020,1800,18,112.12,122.91,102.48,42.47,36.01,35.94
train,D060_2021,1775,24,113.08,118.70,109.13,54.01,45.46,44.94
train,D063_2019,1800,19,110.88,114.51,107.26,44.74,37.65,36.87
train,D066_2021,1750,25,110.64,109.48,104.95,53.54,48.30,46.54
train,D067_2021,1725,15,120.75,128.99,127.92,60.08,53.72,51.58
train,D070_2020,1775,19,117.89,127.25,117.26,53.46,45.97,50.02
train,D072_2019,1750,13,115.02,116.82,106.90,46.79,39.63,37.32
train,D074_2020,1275,12,111.25,123.36,112.82,57.21,50.27,53.87
train,D077_2021,1650,28,125.35,127.08,117.98,53.01,47.21,46.37
train,D078_2021,1650,24,91.51,96.11,92.01,51.98,46.49,43.70
train,D080_2021,1725,25,111.36,118.79,111.64,51.66,43.54,43.89
train,D081_2020,1725,17,107.02,112.72,98.62,44.34,37.96,37.39
train,D086_2020,1725,23,104.83,106.41,98.22,47.87,42.53,37.25
train,D091_2021,1625,24,100.55,104.59,99.32,52.87,47.48,45.99
