,linear,quad_diag,cubic_diag,quartic_diag,quad
1,14.0579,15.1931,14.2801,14.2119,14.5899
Rm,-8.3266,-7.2603,-4.6292,-6.9128,-4.219
Gm,7.2801,8.8252,10.5621,12.9278,9.8275
Bm,0.6121,0.2172,0.5431,0.3528,-1.3398
Rs,1.7224,1.3265,1.1329,1.3346,-0.5843
Gs,0.7796,0.6044,-2.051,-5.7285,-2.7658
Bs,-1.5334,-0.948,0.1353,1.4483,0.7242
Rm^2,,-0.0881,2.9343,-13.2747,
Gm^2,,-1.1449,0.5818,13.6619,
Bm^2,,0.4004,-0.1584,1.1222,
Rs^2,,-0.2363,0.3251,-2.8753,
Gs^2,,-0.1524,-1.9836,1.2115,
Bs^2,,0.0862,0.409,5.644,
Rm^3,,,-1.0329,-7.1658,
Gm^3,,,-0.7742,5.7631,
Bm^3,,,-0.2342,-0.0792,
Rs^3,,,0.084,-0.306,
Gs^3,,,0.4937,4.9789,
Bs^3,,,-0.6501,-0.9752,
Rm^4,,,,4.7118,
Gm^4,,,,-4.6627,
Bm^4,,,,-0.375,
Rs^4,,,,1.0402,
Gs^4,,,,-1.5904,
Bs^4,,,,-2.0914,
Rm*Rm,,,,,4.3042
Rm*Gm,,,,,-14.1049
Rm*Bm,,,,,0.9064
Rm*Rs,,,,,-2.8538
Rm*Gs,,,,,4.0828
Rm*Bs,,,,,-5.1446
Gm*Gm,,,,,6.0363
Gm*Bm,,,,,6.0003
Gm*Rs,,,,,-0.8484
Gm*Gs,,,,,3.4245
Gm*Bs,,,,,3.5937
Bm*Bm,,,,,-1.561
Bm*Rs,,,,,2.8052
Bm*Gs,,,,,-4.6998
Bm*Bs,,,,,-0.5234
Rs*Rs,,,,,2.2295
Rs*Gs,,,,,4.423
Rs*Bs,,,,,-3.2981
Gs*Gs,,,,,-4.612
Gs*Bs,,,,,1.3241
Bs*Bs,,,,,-0.3839
