data,model,order,n,p,df_resid,r2,adj_r2,aic,bic,loo_rmse,holdout_rmse
out_e2_test50_adj10/trials_c5.csv,linear,1,35,7,28,0.7838328644188666,0.7375113353657665,91.30342775718694,102.19086418761283,4.426429345381145,9.221898975754186
out_e2_test50_adj10/trials_c5.csv,quad_diag,2,35,13,22,0.8263059975069282,0.7315638143288892,95.64694187037516,115.86646666973753,11.132368701998562,14.68501209704949
out_e2_test50_adj10/trials_c5.csv,cubic_diag,3,35,19,16,0.8645523874227238,0.712173823273288,98.94208479430264,128.49369796260152,23.999213685985588,211.38412500026547
out_e2_test50_adj10/trials_c5.csv,quartic_diag,4,35,25,10,0.9238493724369496,0.7410878662856288,90.78657802200985,129.6702795592452,106.11313961175559,2859.8290750656174
out_e2_test50_adj10/trials_c5.csv,quad,2,35,28,7,0.9858523004272944,0.9312826020754301,37.87593308393998,81.42567880564354,7.423240647955377,22.122587536453793
out_e2_test50_adj0.25/trials_c5.csv,linear,1,35,7,28,0.718846795270433,0.6585996799712401,129.46817970416365,140.35561613458952,6.596433155703316,7.557742561769229
out_e2_test50_adj0.25/trials_c5.csv,quad_diag,2,35,13,22,0.7907933903898684,0.6766806942388874,131.1229704614825,151.34249526084488,7.490602439212096,24.718435787258908
out_e2_test50_adj0.25/trials_c5.csv,cubic_diag,3,35,19,16,0.8044004006342573,0.5843508513477969,140.76912886577733,170.3207420340762,13.242085997034666,100.81953816179907
out_e2_test50_adj0.25/trials_c5.csv,quartic_diag,4,35,25,10,0.872363365976374,0.5660354443196716,137.8282490950949,176.71195063233023,14.312754101265524,749.3637755962237
out_e2_test50_adj0.25/trials_c5.csv,quad,2,35,28,7,0.9521844646875032,0.767753114196444,109.4639598010732,153.01370552277677,12.463252676525359,8.865249371644959
out_e2_test50/trials_c5.csv,linear,1,35,7,28,0.17122814039301604,-0.006365829522766209,156.0367790184268,166.9242154488527,9.489308110211482,9.871659437608473
out_e2_test50/trials_c5.csv,quad_diag,2,35,13,22,0.5363429597605154,0.28343911962988744,147.708786850122,167.92831164948439,9.298428311980569,5.155044747792792
out_e2_test50/trials_c5.csv,cubic_diag,3,35,19,16,0.6850075161517538,0.33064097182247687,146.17791411807144,175.72952728637028,11.833463757296265,7.832200413144546
out_e2_test50/trials_c5.csv,quartic_diag,4,35,25,10,0.7738970680628138,0.23125003141356681,146.57336902935072,185.45707056658603,15.640669906264572,9.007223410867104
out_e2_test50/trials_c5.csv,quad,2,35,28,7,0.940606608210109,0.7115178113062437,105.78511087691297,149.33485659861654,17.9524588989031,5.596930300877645
