n,sample,linear,quad_diag,quad,mean,best
35,앞에서부터,9.4893,9.2984,17.9525,8.602,2차 교차항 없음(13)
35,무작위 평균,8.5418,10.4537,65.6199,7.9005,1차(7)
40,앞에서부터,9.309,8.9001,16.4875,8.7016,2차 교차항 없음(13)
40,무작위 평균,8.3603,9.464,39.114,7.9462,1차(7)
45,앞에서부터,8.8264,8.3821,11.4073,8.5075,2차 교차항 없음(13)
45,무작위 평균,8.1307,9.1603,30.5342,7.8618,1차(7)
50,앞에서부터,8.5968,7.7934,9.0405,8.1544,2차 교차항 없음(13)
50,무작위 평균,8.2328,8.7822,22.4727,7.9222,1차(7)
60,앞에서부터,7.6852,7.9466,7.8684,7.6006,1차(7)
60,무작위 평균,8.0509,8.4235,16.0691,7.992,1차(7)
70,앞에서부터,7.2086,7.4481,6.383,7.2093,2차 논문 식 1(28)
70,무작위 평균,7.995,8.0954,12.7317,8.0192,1차(7)
80,앞에서부터,7.3755,7.4716,7.1111,7.1913,2차 논문 식 1(28)
80,무작위 평균,7.9005,7.9805,10.5413,7.938,1차(7)
90,앞에서부터,7.7029,7.6777,7.2033,7.4825,2차 논문 식 1(28)
90,무작위 평균,7.8675,7.7975,8.8001,7.9127,2차 교차항 없음(13)
100,앞에서부터,7.3953,7.3292,6.5446,7.2369,2차 논문 식 1(28)
100,무작위 평균,7.8221,7.7226,8.0384,7.942,2차 교차항 없음(13)
110,앞에서부터,7.5216,7.398,6.6384,7.5158,2차 논문 식 1(28)
110,무작위 평균,7.8047,7.6392,7.3338,7.959,2차 논문 식 1(28)
125,앞에서부터,7.7319,7.5051,6.7889,7.9135,2차 논문 식 1(28)
125,무작위 평균,7.7319,7.5051,6.7889,7.9135,2차 논문 식 1(28)
