term,coef_std,coef_raw
1,14.589935711960255,-31.222118948932163
Rm,-4.218962120893635,7.372294537297923
Gm,9.8274565996633,-7.384927667531372
Bm,-1.339798640611113,0.5522176342364404
Rs,-0.5843111656774,-24.250221679851666
Gs,-2.765793226010849,1.316639086501653
Bs,0.7242410397552347,29.580536617816787
Rm²,4.304186616806691,0.02606972250623663
Rm·Gm,-14.104906018276003,-0.06605158538096528
Rm·Bm,0.9063536797715953,0.010307507147484548
Rm·Rs,-2.853814799914064,-0.06904712431230556
Rm·Gs,4.0828348218724875,0.06583623596496324
Rm·Bs,-5.144601530349574,-0.1422213806279715
Gm²,6.036261919495118,0.021854901776575453
Gm·Bm,6.000264760136769,0.05275870050234046
Gm·Rs,-0.8483676335122109,-0.015869806617847294
Gm·Gs,3.424475804111741,0.04269382038539024
Gm·Bs,3.593740583688878,0.07681174039920496
Bm²,-1.5610211408960193,-0.033333073023073534
Bm·Rs,2.805150901224884,0.12743439612750274
Bm·Gs,-4.699816457606058,-0.14229666031638902
Bm·Bs,-0.5233842927118688,-0.027167173682547396
Rs²,2.229475562443293,0.21547506499062438
Rs·Gs,4.422975106431418,0.28489981828040817
Rs·Bs,-3.2981065168862007,-0.3642103804389683
Gs²,-4.612012781329363,-0.19799378248432276
Gs·Bs,1.3241093740836698,0.09745292420001953
Bs²,-0.3839450734663071,-0.048445124809968376
