data,method,point,pred_iou,iou,sec,R_mean,G_mean,B_mean,R_std,G_std,B_std,note
-,theta0,base,,13.3441,29.7653,114.7304,118.4429,110.0029,53.1026,45.6576,44.3688,
out_e2_test50_adj10/trials_c5.csv,check,row9,29.34,29.3399,28.9108,103.7613,126.9462,120.5057,55.5887,50.0079,48.0192,
out_e2_test50_adj0.25/trials_c5.csv,check,row28,29.0969,29.0962,28.8618,102.0388,127.0852,130.0663,60.3474,44.1778,54.8358,
±10%,ols,stationary,13.3882,13.329,28.9293,117.7946,118.7797,103.0051,53.9228,48.1901,43.4507,
±10%,ols,boxmax,262.8665,1.5401,28.7824,103.7613,178.8654,127.7288,45.9786,41.3479,49.5254,
±10%,ridge,stationary,18.3378,19.6146,29.2797,115.6164,144.477,97.3556,48.5053,55.8363,39.8141,
±10%,ridge,boxmax,77.222,13.9079,29.0247,103.7613,178.8654,127.7288,58.411,60.0136,49.5254,
±10%,wls,stationary,13.4607,13.3302,29.3443,118.3193,119.528,103.6858,54.0198,48.4278,43.8344,
±10%,wls,boxmax,296.5113,1.5401,29.2444,103.7613,178.8654,127.7288,45.9786,41.3479,49.5254,
±10%,huber,stationary,11.9743,14.3222,30.0383,106.3297,97.2465,90.2024,53.4788,44.9738,42.4294,
±10%,huber,boxmax,125.0297,22.3317,29.3332,103.7613,178.8654,127.7288,58.411,62.4971,49.5254,
±10%,exclude,stationary,16.432,14.7364,29.2764,94.2024,108.1963,96.8525,49.9949,47.4269,47.2511,
±10%,exclude,boxmax,1108.1412,0.1695,28.526,103.7613,178.8654,99.0337,45.9786,41.3479,49.5254,
±25%,ols,stationary,1148.4597,,,8153.9214,7915.2917,-1485.6596,-3592.7144,1029.2518,-467.2652,물리적 범위 밖
±25%,ols,boxmax,231.6913,2.0627,29.3462,143.1782,147.0544,82.5799,82.9541,34.8834,54.8358,
±25%,ridge,stationary,1.4139,0.4894,28.261,158.8038,92.0581,159.1399,109.6944,35.7372,16.284,
±25%,ridge,boxmax,36.4806,30.7991,28.7701,143.1782,147.0544,82.5799,82.9541,56.5335,54.8358,
±25%,wls,stationary,7.2896,11.9668,29.0996,143.1732,126.5851,103.992,58.6943,47.7795,34.76,
±25%,wls,boxmax,339.0575,2.0627,28.5323,143.1782,147.0544,82.5799,82.9541,34.8834,54.8358,
±25%,huber,stationary,0.3469,0.0,28.5472,71.1602,67.3076,117.9662,75.9187,45.0999,33.2983,
±25%,huber,boxmax,60.9219,2.4113,29.3146,133.0636,147.0544,136.4695,39.8421,56.5335,54.8358,
±50%,ols,stationary,14.3551,13.7308,28.9563,103.7237,136.1468,94.7706,47.7899,41.4062,28.7345,
±50%,ols,boxmax,115.6748,2.0491,29.46,63.6121,60.3233,55.1568,62.9071,67.4094,30.0579,
±50%,ridge,stationary,10.2683,30.7269,28.4969,97.1808,121.8745,95.6036,50.1805,54.7163,32.7909,
±50%,ridge,boxmax,13.402,12.5128,28.4298,120.1963,161.2366,109.3115,79.6446,65.5586,65.3027,
±50%,wls,stationary,16.5462,15.7697,28.3808,106.4215,150.2545,87.0836,47.5598,45.8701,27.7531,
±50%,wls,boxmax,113.459,7.7025,29.7118,65.2667,60.3233,55.1568,76.8163,67.4094,45.0292,
±50%,huber,stationary,14.2304,7.9397,30.2184,106.0902,144.999,97.6195,33.4855,44.7925,21.1466,
±50%,huber,boxmax,100.3964,0.0841,29.3827,70.8039,60.3233,55.1568,39.7436,67.4094,23.5809,
±50% 125회,ols,stationary,13.5606,21.1241,28.5836,114.5261,146.0311,112.2095,36.4448,28.6422,16.4132,
±50% 125회,ols,boxmax,83.9078,0.0,29.444,59.8851,60.3233,55.1568,43.4539,50.0545,5.4939,
±50% 125회,ridge,stationary,13.38,15.2304,29.6543,113.5835,145.534,115.4141,35.9259,27.3594,14.7411,
±50% 125회,ridge,boxmax,77.6423,0.0,28.4552,59.8851,60.3233,55.1568,48.3332,55.9598,5.4939,
±50% 125회,wls,stationary,16.9358,5.4986,29.1677,105.9301,143.4024,98.8006,42.9304,36.3711,24.5435,
±50% 125회,wls,boxmax,98.3319,1.6724,28.8642,171.626,175.666,162.5171,44.8606,63.1153,65.3027,
±50% 125회,huber,stationary,13.7999,22.6598,29.3262,110.4237,148.8025,106.6127,41.7461,30.1251,18.1181,
±50% 125회,huber,boxmax,86.163,0.0,29.6299,59.8851,60.3233,55.1568,42.6442,62.2806,5.4939,
±50% 125회,exclude,stationary,13.2427,12.345,28.8092,117.9409,124.2664,112.8138,42.5705,31.7167,26.6846,
±50% 125회,exclude,boxmax,328.5357,0.0,28.3337,171.626,175.666,162.5171,79.6446,4.3113,65.3027,
