data,method,n_fit,r2,adj_r2,loo_rmse_all,loo_rmse_hi,stationary,pred_iou_stationary,ratio_min,ratio_max,pred_iou_boxmax,note
±10%,ols,35.0,0.9858523004272944,0.9312826020754301,7.423240646878636,6.199674345411022,saddle,13.388161166330507,0.9363856984342489,1.0554671532696003,262.866517748518,
±10%,ridge,35.0,0.9618758032487924,0.8148253300655631,5.210879637224148,4.629186607897593,saddle,18.337768358232488,0.8850282715528706,1.2229359827724118,77.221954565889,lambda = 0.631
±10%,wls,35.0,0.9817116327545939,0.9111707876651706,7.146985085304185,7.06061082594871,saddle,13.460725535258447,0.9425739676729588,1.0606733808831135,296.51126335755583,"w = IoU/max, 최소 0.05"
±10%,huber,35.0,0.9664699648869067,0.8371398294506898,16.388815222927025,9.676666173665796,saddle,11.974263735715068,0.8200006269079004,1.0070833838487234,125.02971164923133,epsilon 1.35
±10%,exclude,30.0,0.9854001421418956,0.7883020610574868,98.22740342020656,54.79772836908575,saddle,16.43200548773299,0.8210762303568133,1.0649631861845485,1108.1411807172087,표본 30개 사용
±25%,ols,35.0,0.9521844646875032,0.767753114196444,12.463252676525178,12.3026603587969,saddle,1148.459656206473,-67.65606940856233,71.07030235824699,231.69130182058706,
±25%,ridge,35.0,0.7481621231463421,-0.22321254471776686,7.853127439850162,8.677037844942616,saddle,1.4138861453004345,0.3670153298014178,2.0657068456940793,36.480634204359696,lambda = 25.1
±25%,wls,35.0,0.9055214867918462,0.5411043644175386,14.9026379756164,14.041251225005395,saddle,7.289641107459875,0.7834334199261188,1.2479099068676032,339.05749851464435,"w = IoU/max, 최소 0.05"
±25%,huber,35.0,0.9018331714040279,0.5231896896767068,11.496737589863038,12.935142153509705,saddle,0.3469379099227723,0.5682700581742379,1.4296598577538697,60.921857632673195,epsilon 1.35
±25%,exclude,,,,,,,,,,,"남은 표본 20개 <= 계수 28개, 풀 수 없음"
±50%,ols,35.0,0.940606608210109,0.7115178113062437,17.952458898903224,17.759663231334766,saddle,14.355116539078361,0.6476285536577865,1.1494718659379903,115.67478852876448,
±50%,ridge,35.0,0.37138171229848116,-2.053288825978806,8.39033408895506,11.329118512301324,saddle,10.268269131712913,0.7390541737982019,1.1984047502962158,13.402015182008682,lambda = 63.1
±50%,wls,35.0,0.8822311951074041,0.42798009052167707,22.234290433744963,17.13382011616558,saddle,16.546219462858012,0.6255104749397367,1.2685820432311377,113.45900537931337,"w = IoU/max, 최소 0.05"
±50%,huber,35.0,0.8981149424230855,0.5051297203407011,13.476455767457402,9.404544661345415,saddle,14.230434968138248,0.4766090974849379,1.2242099473960555,100.39636738860587,epsilon 1.35
±50%,exclude,,,,,,,,,,,"남은 표본 13개 <= 계수 28개, 풀 수 없음"
±50% 125회,ols,125.0,0.5461815439315926,0.4198609427579122,6.788921539986164,6.240859127666581,saddle,13.560618631863301,0.3699268682312739,1.2329239002353973,83.90780100274392,
±50% 125회,ridge,125.0,0.5410790768289482,0.41333820130710897,6.573370090400695,6.362593802990744,saddle,13.380026740501844,0.3322411735007992,1.2287269412560247,77.6422699052021,lambda = 1
±50% 125회,wls,125.0,0.2749367211303735,0.0731149837130548,9.007169625035571,5.68149549886999,saddle,16.935782864896662,0.5531702216215849,1.2107305510266853,98.33194524489859,"w = IoU/max, 최소 0.05"
±50% 125회,huber,125.0,0.5341769053759058,0.4045148068722919,7.074134368238224,6.470295563160926,saddle,13.7998984420828,0.40835338847218655,1.2563224653311857,86.16300030929682,epsilon 1.35
±50% 125회,exclude,66.0,0.6785400012610984,0.45013421268345777,28.279540145928628,11.427243347343792,saddle,13.242728129559957,0.601428349293771,1.049166980945509,328.5357411934567,표본 66개 사용
