split,class,base,best(c5),fusion
all,0,75.72970085470085,72.52617893627125,75.72970085470085
all,1,39.882549794185564,36.09059619293261,39.90069157926591
all,2,57.208574334202,56.06801269058413,57.20942658484432
all,3,0.0,0.0,0.0
all,4,0.04540147879102348,0.0,0.04579952891913112
all,5 *,27.587860670303055,41.622296420673706,41.58271604183951
all,6,69.51065448823242,70.84220258512126,69.86348266721618
all,7,39.7508724714203,40.53988633700794,38.57645652476959
all,8,88.79269583883273,78.43511811046517,88.79282462300698
all,9,48.951185334163306,47.1123668322207,49.01038656881122
all,10,45.151462083733,17.93966342319349,45.151462083733
all,11,36.54393333784974,30.789284184236195,36.54393333784974
all,12,25.099256478741065,25.44744318181818,25.099256478741065
all,13,nan,0.0,nan
all,17,77.82473155524767,79.31184469575568,77.82473155524767
calib(c5),0,75.72970085470085,72.52617893627125,75.72970085470085
calib(c5),1,39.882549794185564,36.09059619293261,39.90069157926591
calib(c5),2,57.208574334202,56.06801269058413,57.20942658484432
calib(c5),3,0.0,0.0,0.0
calib(c5),4,0.04540147879102348,0.0,0.04579952891913112
calib(c5),5 *,27.587860670303055,41.622296420673706,41.58271604183951
calib(c5),6,69.51065448823242,70.84220258512126,69.86348266721618
calib(c5),7,39.7508724714203,40.53988633700794,38.57645652476959
calib(c5),8,88.79269583883273,78.43511811046517,88.79282462300698
calib(c5),9,48.951185334163306,47.1123668322207,49.01038656881122
calib(c5),10,45.151462083733,17.93966342319349,45.151462083733
calib(c5),11,36.54393333784974,30.789284184236195,36.54393333784974
calib(c5),12,25.099256478741065,25.44744318181818,25.099256478741065
calib(c5),13,nan,0.0,nan
calib(c5),17,77.82473155524767,79.31184469575568,77.82473155524767
