class,paper_a1,paper_a2,paper_b1,paper_b2,paper_c1,paper_c2,ours_a1,ours_a2,ours_b1,ours_b2,ours_c1,ours_c2
building,76.22,76.74,75.36,76.09,75.41,76.14,76.46,77.14,75.59,76.52,75.55,76.58
pervious surface,38.73,31.97,36.03,30.53,35.46,30.68,39.42,31.98,36.17,30.54,36.73,30.69
impervious surface,56.81,59.54,57.70,59.38,58.13,59.13,57.24,60.11,58.62,59.89,58.18,59.65
coniferous,25.77,29.15,42.80,33.48,42.61,33.52,30.78,29.15,42.59,33.48,42.85,33.52
deciduous,58.94,69.42,61.74,61.13,61.71,62.04,69.80,69.48,70.54,61.16,70.68,62.08
brushwood,40.19,47.65,40.68,47.02,40.08,47.08,39.97,47.65,40.06,47.02,40.60,47.08
vineyard,86.40,85.49,82.90,86.40,81.59,86.50,86.49,85.55,81.74,86.47,83.05,86.57
herbaceous,50.26,48.79,48.63,51.64,48.13,51.38,50.08,49.00,47.97,51.88,48.45,51.62
agricultural land,54.14,56.90,34.40,62.78,34.27,59.98,54.15,56.90,34.28,62.78,34.40,59.98
plowed land,19.00,36.87,58.83,37.94,66.98,38.22,18.99,36.87,67.00,37.94,58.84,38.22
swimming pool,24.98,72.21,25.07,72.51,25.12,72.44,24.98,0.00,25.11,0.00,25.07,0.00
greenhouse,78.07,76.74,79.28,76.09,80.35,76.14,78.07,72.21,80.36,72.51,79.28,72.44
