run,step,soft_iou,iou,R_mean,G_mean,B_mean,R_std,G_std,B_std
r0,0,12.97057939275921,13.34410467074895,114.73036,118.442894,110.00285,53.102615,45.657578,44.36878
r0,1,2.954524376064218,3.383304795361461,112.730385,120.44285,112.002625,255.00002,255.00002,6.0046654
r0,2,3.9092196941258046,4.360187164671238,111.44959,121.77228,111.80877,255.00002,255.00002,7.029306
r0,3,0.8758844707083704,0.00034434846687453834,110.55987,122.72275,113.05964,255.00002,255.00002,16.718708
r0,4,0.5265439256565322,0.001726435876718667,110.04837,123.07943,113.74157,255.00002,255.00002,26.79706
r0,5,0.6340202558575053,0.01035543297791186,109.634125,123.307014,114.34351,255.00002,255.00002,40.264835
r0,6,0.6436700982238656,0.000688918742034377,109.296906,123.444374,114.77817,255.00002,255.00002,57.63341
r0,7,0.927020417642589,0.11771488559799677,109.04294,123.51647,115.068344,255.00002,255.00002,83.33016
r0,8,0.41387227044635205,0.0,108.92841,123.59572,115.109436,255.00002,255.00002,111.796
r0,9,0.3498790596103128,0.0,108.91023,123.698654,115.03718,255.00002,239.58324,126.47618
r0,10,0.4569298888731134,0.0,108.96748,123.756325,114.945854,255.00002,205.29326,132.13138
r0,11,1.1825742530946581,0.534847640016374,109.07243,123.92585,114.8035,255.00002,156.17606,124.80596
r0,12,4.418643679884529,6.232245222315663,109.300354,124.7518,114.28592,218.31451,113.561775,85.504196
r0,13,4.303055094237841,5.253536915662256,109.83789,125.96973,113.37235,87.874886,93.89267,51.70384
r0,14,4.441339990877282,0.03196714656852133,110.9165,126.1614,112.18706,80.42735,37.005,71.35023
r0,15,0.34228573007694774,0.0,111.946014,126.75454,110.94031,85.94616,14.986629,102.961296
r0,16,0.28945550164145584,0.0,112.877495,127.16502,109.81833,92.40893,6.9439163,143.59245
r0,17,0.03355075879838867,0.0,113.71966,127.73945,108.78362,99.37933,3.4826863,194.25731
r0,18,0.01037933223430549,0.0,114.48467,128.25534,107.84395,106.1542,1.8662633,255.00002
r0,19,0.0016723209267141032,0.0,115.18001,128.72131,106.98994,112.706566,1.0598643,255.00002
r0,20,0.001314066094305771,0.0,115.812355,129.14467,106.21329,119.015816,1.0,255.00002
r0,21,0.0012937648926163075,0.0,116.3877,129.52956,105.506645,125.06272,1.0,255.00002
r0,22,0.0012757138221382149,0.0,116.9114,129.8796,104.86344,130.83345,1.0,255.00002
r0,23,0.0012589341899818648,0.0,117.38824,130.19801,104.2778,136.31898,1.0,255.00002
r0,24,0.0012438314635070257,0.0,117.82251,130.4877,103.74444,141.5147,1.0,255.00002
r0,25,0.0012302896997516282,0.0,118.21809,130.75127,103.258606,146.41953,1.0,255.00002
r0,26,0.0012178188364414318,0.0,118.57846,130.99106,102.81601,151.03561,1.0,255.00002
r0,27,0.001206707220561322,0.0,118.90679,131.20921,102.41277,155.36777,1.0,255.00002
r0,28,0.0011968700873220294,0.0,119.20594,131.40767,102.04537,159.42297,1.0,255.00002
r0,29,0.0011880037836370556,0.0,119.47851,131.58818,101.710625,163.20982,1.0,255.00002
r0,30,0.0011799235947240116,0.0,119.72685,131.75235,101.40563,166.73822,1.0,255.00002
r0,31,0.00117298580341484,0.0,119.95311,131.90161,101.12776,170.01921,1.0,255.00002
r0,32,0.0011668095540245218,0.0,120.15923,132.0373,100.87462,173.06438,1.0,255.00002
r0,33,0.0011612493025056213,0.0,120.347,132.1606,100.64402,175.88573,1.0,255.00002
r0,34,0.0011563265479031667,0.0,120.518036,132.27261,100.43398,178.49554,1.0,255.00002
r0,35,0.0011518407427648222,0.0,120.673805,132.37434,100.24269,180.90608,1.0,255.00002
r0,36,0.0011477414331908025,0.0,120.81566,132.46669,100.06849,183.12952,1.0,255.00002
r0,37,0.0011440516304921562,0.0,120.944824,132.55048,99.909874,185.17776,1.0,255.00002
r0,38,0.0011407640818077898,0.0,121.06242,132.62645,99.765465,187.06242,1.0,255.00002
r0,39,0.0011377115503659661,0.0,121.16948,132.6953,99.63401,188.79471,1.0,255.00002
r0,40,0.0011348717069530109,0.0,121.266914,132.75764,99.514366,190.38525,1.0,255.00002
