R_mean,G_mean,B_mean,R_std,G_std,B_std,iou,iter
87.32,96.64,90.5,46.47,38.61,33.39,30.7803,0.0
87.2686,100.5924,83.3401,42.8243,35.2325,30.2819,41.2918,0.0
80.5751,90.5676,91.9916,48.4128,35.5114,32.7975,15.0664,0.0
82.0136,99.9809,85.7778,44.4636,35.7264,31.1219,43.3182,0.0
82.4938,102.0122,98.7859,42.4432,39.3936,34.1801,28.6933,0.0
83.1613,98.9217,93.0679,51.1154,38.5075,35.3808,32.5353,0.0
90.8395,102.5513,92.2264,47.4439,41.7736,33.7889,38.0945,0.0
86.9882,94.9352,86.0634,49.7782,36.6734,30.2612,24.5184,0.0
93.2858,96.7963,86.9344,43.8606,40.0323,30.6362,26.3907,0.0
78.9716,103.5781,99.1408,48.6455,42.2889,36.1371,19.8353,0.0
90.4864,91.5677,84.655,49.3844,38.3515,33.4427,6.4287,0.0
89.3084,92.8628,90.8212,47.9334,35.9966,31.9067,11.9755,0.0
88.1796,98.288,98.2173,50.1746,39.7335,34.7122,19.0397,0.0
95.142,104.3891,82.4134,46.1487,40.8249,35.0144,37.1181,0.0
93.6492,103.8814,93.8885,47.6008,41.4788,32.1355,35.0223,0.0
91.7692,88.3313,94.5357,46.6085,42.0103,33.2255,0.2065,0.0
79.5555,91.8666,90.0367,44.3517,41.0992,35.9697,22.8634,0.0
86.0797,95.61,95.361,45.3821,34.9656,35.2613,24.0738,0.0
85.3324,88.1287,87.3483,47.2143,36.2203,34.1996,3.4992,0.0
84.2103,95.9469,89.2517,50.0442,40.4969,35.7687,31.2202,0.0
80.3087,87.1558,81.4756,45.8051,36.4988,34.4416,7.7092,0.0
93.0163,89.2572,96.4562,42.5203,41.2502,33.7256,0.0,0.0
92.3242,97.6183,96.1501,41.8283,37.4913,30.8909,11.5204,0.0
81.3674,93.7731,84.5689,43.6566,39.0044,31.5068,38.0535,0.0
94.8137,89.8976,94.6346,46.907,39.1372,36.4672,0.0021,0.0
89.4521,101.1227,90.6318,50.575,37.2069,32.5085,35.439,0.0
88.3129,105.6218,83.1537,44.9626,40.1434,33.0435,33.5886,0.0
95.9805,105.9779,88.5434,45.2138,37.8456,31.8064,39.0668,0.0
83.4562,99.4606,97.1025,49.0059,38.1095,36.5408,32.2042,0.0
84.8537,93.0745,87.748,43.4193,37.1126,31.2738,26.4607,0.0
96.052,106.304,81.559,51.117,34.749,36.729,23.1311,1.0
86.6982,102.1276,92.7282,54.5551,33.6708,32.2978,2.4756,1.0
89.3793,111.7578,74.0208,45.6373,36.2692,34.3123,28.5613,1.0
102.7788,92.7018,86.598,56.991,39.4746,36.8398,0.0157,1.0
108.3814,118.8135,78.0634,48.9077,29.7812,42.2301,25.9609,1.0
78.588,106.304,86.722,41.823,34.749,36.729,37.4719,2.0
73.7278,103.7112,93.3052,35.8193,36.8059,32.1231,30.4134,2.0
70.1265,106.4955,82.5777,39.7211,31.351,38.2629,31.6742,2.0
81.6068,118.7236,87.7846,44.594,34.6022,34.5233,34.2777,2.0
85.7933,94.2212,79.5598,47.1962,39.2232,41.2633,14.5039,2.0
96.052,106.304,81.45,51.117,42.471,30.051,32.8929,3.0
88.1357,98.9105,75.4505,46.6,39.8944,26.6175,30.7079,3.0
96.8263,114.937,83.8609,52.0076,44.856,31.5018,30.1614,3.0
90.6934,109.9084,70.6921,56.9437,37.9637,29.9959,33.2239,3.0
108.4842,93.083,89.7136,49.5067,47.0156,32.3964,0.0,3.0
96.052,106.304,90.3873,51.117,41.6983,36.729,42.1258,4.0
104.503,118.9519,86.4951,57.6977,47.8921,36.5579,32.4269,4.0
96.7348,99.0223,81.5154,48.8043,38.0168,41.0664,12.519,4.0
94.2382,96.3986,103.6634,54.9153,42.5261,31.7129,1.3388,4.0
87.6735,106.3431,92.5764,46.9496,39.2032,39.0173,43.6772,4.0
78.588,106.304,82.1294,43.7858,34.749,30.051,39.7914,5.0
82.6862,111.8508,83.3335,46.9772,31.1374,27.1075,32.7571,5.0
71.2822,118.1557,91.2208,42.0219,37.7621,31.2483,27.6346,5.0
76.1448,104.1744,79.1729,47.9179,32.8902,33.9087,36.088,5.0
89.4401,91.234,73.6594,38.5773,36.4981,28.3136,28.5492,5.0
78.588,106.304,83.0795,51.117,38.4834,30.051,37.5079,6.0
73.3873,102.3652,81.93,56.9743,39.6331,30.7138,12.9999,6.0
86.1155,91.9388,87.8977,48.1154,34.462,25.9752,14.566,6.0
79.7186,117.1548,92.9052,54.2654,35.814,29.0391,34.5705,6.0
67.0843,106.8416,74.5822,46.4737,42.3953,33.7415,30.4428,6.0
78.588,103.6834,81.45,44.3925,36.5739,30.051,38.8717,7.0
70.3999,91.1079,72.6887,41.0157,40.5231,34.0483,32.9123,7.0
73.1732,111.239,89.0771,47.591,33.8641,27.4434,34.6487,7.0
79.6649,102.7131,86.9338,41.9349,38.2304,28.8858,33.3624,7.0
89.3902,116.5325,81.0939,50.8326,32.2619,31.2121,33.4548,7.0
