R_mean,G_mean,B_mean,R_std,G_std,B_std,iou
107.2911,112.9586,104.9009,53.0127,45.8922,44.4355,33.4074
107.2279,117.5784,96.6016,48.8537,41.8777,40.2992,36.6718
99.0035,105.8608,106.6299,55.2291,42.2092,43.647,25.8692
100.7711,116.8637,99.4272,50.7238,42.4648,41.417,40.5981
101.3611,119.2379,114.5052,48.4189,46.8236,45.4869,38.0981
102.1813,115.6256,107.8774,58.3121,45.7704,47.0849,39.0581
111.6155,119.8681,106.902,54.1238,49.6525,44.9663,37.0897
106.8833,110.9659,99.7583,56.7867,43.5904,40.2716,29.9967
114.6213,113.1413,100.7678,50.0359,47.5828,40.7707,23.4035
97.0333,121.0682,114.9166,55.4946,50.265,48.0913,41.1166
111.1816,107.0298,98.1258,56.3375,45.585,44.5056,22.4257
109.7343,108.5436,105.2732,54.6821,42.786,42.4615,19.4913
108.3473,114.8848,113.8462,57.2389,47.2276,46.195,29.7463
116.902,122.0162,95.5275,52.6462,48.5249,46.5972,38.4105
115.0678,121.4227,108.8286,54.3027,49.3021,42.7659,35.8452
112.7578,103.247,109.5788,53.1707,49.9339,44.2166,5.0367
97.7508,107.3792,104.3639,50.5962,48.851,47.8685,30.7322
105.7671,111.7547,110.5354,51.7717,41.5604,46.9258,33.2831
104.8489,103.0101,101.2477,53.8618,43.0518,45.5129,16.5451
103.4701,112.1484,103.4539,57.0902,48.135,47.601,36.125
98.6763,101.8729,94.4404,52.2542,43.3829,45.8349,25.4585
114.2902,104.3291,111.8048,48.5069,49.0304,44.882,4.0258
113.4397,114.1021,111.45,47.7175,44.5625,41.1096,15.6365
99.9771,109.6076,98.026,49.8032,46.361,41.9293,35.829
116.4987,105.0777,109.6934,53.5113,46.5189,48.5306,4.7675
109.9108,118.1982,105.0536,57.6957,44.2245,43.2624,35.5641
108.511,123.4571,96.3856,51.293,47.7149,43.9743,44.2835
117.9323,123.8733,102.6329,51.5797,44.9836,42.328,38.4541
102.5436,116.2554,112.554,55.9057,45.2973,48.6285,37.7904
104.2607,108.791,101.711,49.5325,44.1124,41.6192,28.1473
